-- phpMyAdmin SQL Dump
-- version 4.9.0.1
-- https://www.phpmyadmin.net/
--
-- Host: localhost
-- Generation Time: Sep 10, 2019 at 07:55 AM
-- Server version: 10.3.16-MariaDB
-- PHP Version: 7.2.20

SET SQL_MODE = "NO_AUTO_VALUE_ON_ZERO";
SET AUTOCOMMIT = 0;
START TRANSACTION;
SET time_zone = "+00:00";


/*!40101 SET @OLD_CHARACTER_SET_CLIENT=@@CHARACTER_SET_CLIENT */;
/*!40101 SET @OLD_CHARACTER_SET_RESULTS=@@CHARACTER_SET_RESULTS */;
/*!40101 SET @OLD_COLLATION_CONNECTION=@@COLLATION_CONNECTION */;
/*!40101 SET NAMES utf8mb4 */;

--
-- Database: `checkph`
--

-- --------------------------------------------------------

--
-- Table structure for table `account`
--

CREATE TABLE `account` (
  `id` int(11) NOT NULL,
  `ac_username` varchar(100) COLLATE utf8_unicode_ci NOT NULL,
  `ac_password` varchar(100) COLLATE utf8_unicode_ci NOT NULL,
  `ac_name` varchar(100) COLLATE utf8_unicode_ci NOT NULL,
  `ac_lastname` varchar(100) COLLATE utf8_unicode_ci NOT NULL,
  `ac_class` enum('ป','ม','อ') COLLATE utf8_unicode_ci NOT NULL,
  `ac_classroom` int(11) NOT NULL,
  `ac_school` varchar(200) COLLATE utf8_unicode_ci NOT NULL,
  `ac_status` enum('public','admin','supper') COLLATE utf8_unicode_ci NOT NULL DEFAULT 'public',
  `create_at` timestamp NOT NULL DEFAULT current_timestamp() ON UPDATE current_timestamp(),
  `update_at` timestamp NOT NULL DEFAULT '0000-00-00 00:00:00'
) ENGINE=InnoDB DEFAULT CHARSET=utf8 COLLATE=utf8_unicode_ci;

--
-- Dumping data for table `account`
--

INSERT INTO `account` (`id`, `ac_username`, `ac_password`, `ac_name`, `ac_lastname`, `ac_class`, `ac_classroom`, `ac_school`, `ac_status`, `create_at`, `update_at`) VALUES
(3, 'chaiwat', '81dc9bdb52d04dc20036dbd8313ed055', 'chaiwat', 'chaiwat', 'ม', 6, 'chaiwatasdfasdf ssssa', 'public', '2019-09-05 04:02:19', '0000-00-00 00:00:00'),
(4, 'Nasasa45', 'c565729bcf6147d40fd34e2bd10a96c4', 'Saharat', 'Akkarahatsri', 'ม', 4, 'Udru', 'public', '2019-09-06 06:20:53', '0000-00-00 00:00:00'),
(5, 'นางสาว อภิญญา สารพวง', 'd45bdf2cd20b4ffe2d30947c297c987a', 'อภิญญา', 'สารพวง', 'ม', 5, 'หนองบัวพิทยาคาร', 'public', '2019-09-06 06:27:57', '0000-00-00 00:00:00'),
(6, 'nalinnipa.w', '728059b549179e2eb415bed05b80a66e', 'นลินนิภา ', 'วงค์ธาราธิคุณ', 'ม', 5, 'หนองบัวพิทยาคาร', 'public', '2019-09-06 06:28:00', '0000-00-00 00:00:00'),
(7, 'นางสาวมัชฌิมา ชานลา', '8459c9bac8c77621d1a63b652982e665', 'มัชฌิมา', 'ชานลา', 'ม', 5, 'หนองบัวพิทยาคาร', 'public', '2019-09-06 06:28:23', '0000-00-00 00:00:00'),
(8, 'Rungjit.Sandee@gmail.com', 'f3a82f01c4b23552fde23b3e2825051d', 'รุ่งจิต', 'แสนดี', 'อ', 1, 'คำแสนวิทยาสรรค์', 'public', '2019-09-06 06:33:29', '0000-00-00 00:00:00'),
(9, 'Apatsara', '8323f4898ceae090964d6cbcdbe9c788', 'อภัสรา', 'คำจันทร์​สี', 'ม', 1, 'สามพร้าววิทยา', 'public', '2019-09-06 06:36:03', '0000-00-00 00:00:00'),
(10, 'นิตยา สุคนธ์รัตน์ ', 'fc452d063a72e0824cacf90a32c3e358', 'ยิตยา', 'สุคนธ์รัตน์', 'ม', 1, 'สามพร้าว', 'public', '2019-09-06 06:41:09', '0000-00-00 00:00:00'),
(11, 'น้ำทิพย์​', 'fcea920f7412b5da7be0cf42b8c93759', 'น้ำทิพย์', 'กวนสุพรรณ​', 'ป', 1, 'สามพร้าว', 'public', '2019-09-06 06:42:37', '0000-00-00 00:00:00'),
(12, 'ปัทมาภรณ์', '81dc9bdb52d04dc20036dbd8313ed055', 'ปัทมาภรณ์', 'กก', 'ม', 5, 'สามพร้าววิทยา', 'public', '2019-09-06 06:43:30', '0000-00-00 00:00:00'),
(13, 'น้ำทิพย์​', '827ccb0eea8a706c4c34a16891f84e7b', 'น้ำทิพย์', 'กวนสุพรรณ​', 'ป', 1, 'สามพร้าว', 'public', '2019-09-06 06:46:00', '0000-00-00 00:00:00'),
(14, 'ด.ญ.ทยิดา ไชยแก้ว', '11bf728a53c2142f28e30de1ec35a3c6', 'ทยิดา', 'ไชยแก้ว', 'ม', 2, 'พิบุลย์รักษ์พิทยา', 'public', '2019-09-06 06:46:19', '0000-00-00 00:00:00'),
(15, 'ด.ญ. พัชริดา​ วิเศษคุณ', '1be7431d37af92df16867e8519adf042', 'พัชริดา', 'วิเศษคุณ', 'ม', 2, 'พิบูลย์รักษ์พิทยา', 'public', '2019-09-06 06:46:37', '0000-00-00 00:00:00'),
(16, 'นางสาว นภาพร ธืสารศรี', 'c756b330770bafb03afb4b5304d0a43c', 'นภาพร', 'ธิสารศรี', 'ม', 5, 'สามพร้าววิทยา', 'public', '2019-09-06 06:46:42', '0000-00-00 00:00:00'),
(17, 'นางสาว ศิริยากร เสนามงคล', '1c8a3e21abc15e1452a8671cde9fb0ec', 'ศิริยากร', 'เสนามงคล', 'ม', 5, 'สามพร้สววิทยา', 'public', '2019-09-06 06:46:42', '0000-00-00 00:00:00'),
(18, 'น้ำทิพย์​', 'e10adc3949ba59abbe56e057f20f883e', 'น้ำทิพย์', 'กวนสุพรรณ​', 'ม', 1, 'สามพร้าว', 'public', '2019-09-06 06:47:20', '0000-00-00 00:00:00'),
(19, 'ปิ่นมณี', '92a0e7a415d64ebafcb16a8ca817cde4', 'ปิ่นมณี', 'เสนามนตรี', 'ม', 4, 'คำเเสนวิทยาสรรค์', 'public', '2019-09-06 06:47:52', '0000-00-00 00:00:00'),
(20, 'Butsaba1234@gmail.com', 'df9750812323a3035e89ebe64aa223a4', 'Wanthida', 'Bam', 'ม', 1, 'สามพร้าววิทยา', 'public', '2019-09-06 06:48:10', '0000-00-00 00:00:00'),
(21, 'นางสาว นภาพร ธืสารศรี', 'a9c5d81aba3d100bd71d9f81f283d1b4', 'นภาพร', 'ธิสารศรี', 'ม', 5, 'สามพร้าววิทยา', 'public', '2019-09-06 06:48:59', '0000-00-00 00:00:00'),
(22, 'น.ส.สุภาดา อัคราช', '006c53c1a36330ecdfe350985e99efeb', 'น.ส.สุภาดา', 'อัคราช', 'ม', 5, 'โรงเรียนสามพร้าววิทยา', 'public', '2019-09-06 06:49:13', '0000-00-00 00:00:00'),
(23, 'น.ส.ณัฐธิสา เสริมทอง', '6b89187897e3f8acd9ead0fee068b8ad', 'น.ส.ณัฐธิสา', 'เสริมทอง', 'ม', 5, 'ร.ร.สามพร้าววิทยา', 'public', '2019-09-06 06:49:17', '0000-00-00 00:00:00'),
(24, 'Gigiferrari', 'f875aac221ff3dfc3510e8d98f32cca0', 'น.ส.จีรนันท์', 'ประเสริฐสังข์', 'ม', 5, 'หนองบัวพิทยาคาร', 'public', '2019-09-06 06:50:21', '0000-00-00 00:00:00'),
(25, 'Goyhathai', '7869f18405c1d2a00e010a1066fc8920', 'นางสาวหทัยภัทร', 'ธรรมอินทร์', 'ม', 5, 'หนองบัวพิทยาคาร', 'public', '2019-09-06 06:50:34', '0000-00-00 00:00:00'),
(26, 'Namthip', '7abbc704ea4ef66fe44385e269c1ad4a', 'Namthip', 'Kuansuphan', 'ม', 1, 'สามพร้าว', 'public', '2019-09-06 06:51:05', '0000-00-00 00:00:00'),
(27, 'นางสาว นภาพร ธิสารศรี', '8ee1029e641f7d591816ee7253b2a7bf', 'นภาพร', 'ธิสารศรี', 'ม', 5, 'สามพร้าววิทยา', 'public', '2019-09-06 06:51:59', '0000-00-00 00:00:00'),
(28, 'สุจิตตา โคกม่วง', 'b3fe0f2d8f1ed821034a47d5a18ab4be', 'สุจิตตา', 'โคกม่วง', 'ม', 1, 'คำแสนวิทยาสรรค์', 'public', '2019-09-06 06:52:23', '0000-00-00 00:00:00'),
(29, 'Namthip', 'd66aab3154ac90dcbc37c9957464a365', 'Namthip', 'Kuansuphan', 'ม', 1, 'บ้านสามพร้าว', 'public', '2019-09-06 06:52:39', '0000-00-00 00:00:00'),
(30, 'PHAKJI', 'e6fec9f92f5cbe4b25ddbd840026afc2', 'ภัคจิรา', 'อ่อนบุญ', 'ม', 0, 'สามพร้าววิทยา', 'public', '2019-09-06 06:53:07', '0000-00-00 00:00:00'),
(31, 'Chamaiporn', '546eb02ead7473f9625dbb502fb9a85f', 'น.ส. ชไมพร', 'ม่วงศรี', 'ม', 1, 'สามพร้าววิทยา', 'public', '2019-09-06 06:53:31', '0000-00-00 00:00:00'),
(32, 'Boat', '7074ddc3e006810688241196414e49e2', 'ธนัญชัย', 'สวัสดิ์ศรี', 'ม', 1, 'สามพร้าววิทยา', 'public', '2019-09-06 06:53:36', '0000-00-00 00:00:00'),
(33, 'Sarocha', 'e55f0f49d15926ad9c75568c6a4b36e1', 'สโรชา', 'บุญ​มาลี', 'ม', 1, 'สามพร้าว​วิทยา​', 'public', '2019-09-06 06:53:42', '0000-00-00 00:00:00'),
(34, 'Uraiwan Phakun', 'c97871a29a63431ead35fccb43e31e71', 'Uraiwan', 'Phakun', 'ม', 1, 'สามพร้าววิทยา', 'public', '2019-09-06 06:53:51', '0000-00-00 00:00:00'),
(35, 'นายกฤษฎา  วรรณพัฒน์', '329a231cee254cb3d9cb25945efe2f90', 'กฤษฎา', 'วรรณพัฒน์', 'ม', 5, 'หนองบัวพิทยาคาร', 'public', '2019-09-06 06:54:21', '0000-00-00 00:00:00'),
(36, 'Pijitra', 'bf179956261de332700b836b871ce0fd', 'พิจิตรา', 'ศรีพัดยศ', 'อ', 1, 'หนองบัวพิทยาคาร', 'public', '2019-09-06 06:54:31', '0000-00-00 00:00:00'),
(37, 'patiphan2128@gmail.com', '799b062909307683028044d296694517', 'Patiphan', 'Sowan', 'ม', 1, 'สามพร้าววิทยา', 'public', '2019-09-06 06:54:57', '0000-00-00 00:00:00'),
(38, 'นางสาว นภาพร ธิสารศรี', 'a9c5d81aba3d100bd71d9f81f283d1b4', 'นภาพร', 'ธิสารศรี', 'ม', 5, 'สามพร้าววิทยา', 'public', '2019-09-06 06:55:06', '0000-00-00 00:00:00'),
(39, 'วรวุฒิ อินทร์พามา', 'ad89f39d3fd224b2c9ae9a782830cf12', 'วรวุฒิ', 'อินทร์พามา', 'ม', 1, 'สามพร้าววิทยา', 'public', '2019-09-06 06:55:14', '0000-00-00 00:00:00'),
(40, 'วริศรา สุนาโท', '86ecfcbc1e9f1ae5ee2d71910877da36', 'วริศรา', 'สุนาโท', 'ม', 1, 'โรงเรียนคำแสนวิทยาสรรค์', 'public', '2019-09-06 06:55:32', '0000-00-00 00:00:00'),
(41, 'น้ำหวาน', 'afe9048b9bf202241132f77251ec8979', 'Boworanan', 'Konkam', 'ม', 1, 'คำแสนวิทยาสรรค์', 'public', '2019-09-06 06:56:24', '0000-00-00 00:00:00'),
(42, 'Mukthitra', '71b606eb264ff87f58b1b6d1f49a6f1f', 'มุกทิตรา', 'ไชยลิ้นฟ้า', 'ม', 1, 'คำแสนวิทยาสรรค์', 'public', '2019-09-06 06:56:24', '0000-00-00 00:00:00'),
(43, 'กุลธิดา อินทะรีย์', '79f9b2c60fba72c4cb56dbc172fc6a70', 'นางสาว กุลธิดา', 'อินทะรีย์', 'ม', 1, 'คำแสนวิทยาสรรรค์', 'public', '2019-09-06 06:56:24', '0000-00-00 00:00:00'),
(44, 'Jenjira ', '82b19e4f3554795dbfd1e17d7623cf30', 'เจนจิรา', 'ศรีภูธร', 'ม', 1, 'คำแสนวิทยาสรรค์', 'public', '2019-09-06 06:56:25', '0000-00-00 00:00:00'),
(45, 'หฤทัย  ดวงชัยสา', '9d28de8ff9bb6a3fa41fddfdc28f3bc1', 'หฤทัย', 'ดวงชัยสา', 'ม', 0, 'หนองบัวพิทยาคาร', 'public', '2019-09-06 06:56:56', '0000-00-00 00:00:00'),
(46, 'TAKSAPORN ', 'cd5fef221b1b4f5da2229f909e5f59cf', 'ทักษพร', 'เหลาเสน', 'ม', 1, 'หนองบัวพิทยาคาร', 'public', '2019-09-06 06:57:24', '0000-00-00 00:00:00'),
(47, 'pookpik chittarak ', '628f1cb9d327746bfc2d504e79cb87d3', 'จิตตรักษ์', 'ติวทอง', 'ม', 0, 'หนองบัวพิทยาคาร', 'public', '2019-09-06 06:57:52', '0000-00-00 00:00:00'),
(48, 'สุวรีย์ ศิริหาด', '851c34a3ce5202e99f98e0e0f2f8f38f', 'นางสาว สุวรีย์', 'ศิริหาด', 'ม', 1, 'คำแสนวิทยาสรรค์', 'public', '2019-09-06 06:57:57', '0000-00-00 00:00:00'),
(49, 'สถิตคุณ บุญพา', '0e4a2c65bdaddd66a53422d93daebe68', 'สถิตคุณ', 'บุญพา', 'ม', 1, 'พิบูลย์รักษ์พิทยา', 'public', '2019-09-06 06:57:58', '0000-00-00 00:00:00'),
(50, 'กุลธิดา ', 'af89e706af2e5f1ea0eb39b832f0d5bd', 'นางสาว กุลธิดา', 'อินทะรีย์', 'ม', 1, 'คำแสนวิทยาสรรค์', 'public', '2019-09-06 06:58:01', '0000-00-00 00:00:00'),
(51, 'Jakkapong', 'cc7ee1993c7d127cc4daf1070e4fc093', 'จักรพงษ์', 'จันทร์ลือชัย', 'ม', 5, 'สามพร้าววิทยา', 'public', '2019-09-06 06:58:09', '0000-00-00 00:00:00'),
(52, 'ปุณณัตถ์ ', 'c3f3494b9ad07e1ae58c5442826fed29', 'ปุณณัตถ์', 'มีปากดี', 'ม', 5, 'หนองบัวพิทยาคาร', 'public', '2019-09-06 06:58:33', '0000-00-00 00:00:00'),
(53, 'Rungnapalai', '97e8baba3d7bd2dc95816a61f665e803', 'นางรุ่งนภาลัย', 'ราชภักดี', 'อ', 3, 'พิบูลย์รักษ์พิทยา', 'public', '2019-09-06 06:58:45', '0000-00-00 00:00:00'),
(54, 'จักริทนร์', 'dbc4d84bfcfe2284ba11beffb853a8c4', 'จักริทนร์', 'นามหาจักร์', 'ม', 2, 'พิบูลย์รักษ์พิทยา', 'public', '2019-09-06 06:58:49', '0000-00-00 00:00:00'),
(55, 'พิยดา', '3c61f050bb5a4ce75704c43dbfe3cfb0', 'น.ส.พิยดา', 'ถาจันทร์', 'ม', 4, 'คำแสนวิทยาสรรค์', 'public', '2019-09-06 06:58:51', '0000-00-00 00:00:00'),
(56, 'Tuck', '9199662854e02769999628c6ee9e0048', 'ด.ญ ศิริลักษณ์', 'ยศยิ่ง', 'ม', 1, 'พิบูลย์รักษ์พิทยา', 'public', '2019-09-06 06:59:16', '0000-00-00 00:00:00'),
(57, 'นางสาว ชนาภา ศักรบุตร', '6ff58ca5942cd6641d555a36f1ff6699', 'ชนาภา', 'ศักรบุตร', 'ม', 5, 'สามพร้าววิทยา', 'public', '2019-09-06 07:00:48', '0000-00-00 00:00:00'),
(58, 'องุ่น', '81dc9bdb52d04dc20036dbd8313ed055', 'องุ่น', 'นุ้ย', 'ป', 1, 'พิบูลย์​รักษ์​พิทยา', 'public', '2019-09-06 07:01:37', '0000-00-00 00:00:00'),
(59, 'Suchitta Khokmuang', 'b3fe0f2d8f1ed821034a47d5a18ab4be', 'สุจิตตา', 'โคกม่วง', 'ม', 1, 'คำแสนวิทยาสรรค์', 'public', '2019-09-06 07:08:59', '0000-00-00 00:00:00'),
(60, 'เกวลิน มาสม', '3fc2c60b5782f641f76bcefc39fb2392', '้เกวลิน', 'มาสม', 'อ', 1, 'สามพร้าววิทยา', 'public', '2019-09-06 07:13:02', '0000-00-00 00:00:00'),
(61, 'homsang', '81dc9bdb52d04dc20036dbd8313ed055', 'homsang', 'homsang', 'อ', 1, 'udru', 'admin', '2019-09-10 04:20:31', '0000-00-00 00:00:00');

-- --------------------------------------------------------

--
-- Table structure for table `animal`
--

CREATE TABLE `animal` (
  `id` int(11) NOT NULL,
  `animal_name` varchar(200) COLLATE utf8_unicode_ci NOT NULL,
  `animal_importance` int(11) NOT NULL,
  `id_user` int(11) NOT NULL,
  `create_at` timestamp NOT NULL DEFAULT current_timestamp() ON UPDATE current_timestamp(),
  `update_at` timestamp NOT NULL DEFAULT '0000-00-00 00:00:00'
) ENGINE=InnoDB DEFAULT CHARSET=utf8 COLLATE=utf8_unicode_ci;

--
-- Dumping data for table `animal`
--

INSERT INTO `animal` (`id`, `animal_name`, `animal_importance`, `id_user`, `create_at`, `update_at`) VALUES
(1, 'ตัวอ่อนแมลงชีปะขาวตัวแบน', 100, 1, '2019-08-29 13:22:38', '0000-00-00 00:00:00'),
(2, 'ตัวอ่อนแมลงชีปะขาวขุดรู', 99, 1, '2019-08-29 13:23:03', '0000-00-00 00:00:00'),
(3, 'ตัวอ่อนแมลงเกาะหิน', 98, 1, '2019-08-29 13:23:06', '0000-00-00 00:00:00'),
(4, 'ตัวอ่อนแมลงหนอนปลอกน้ำ', 97, 1, '2019-08-29 13:23:08', '0000-00-00 00:00:00'),
(5, 'ตัวอ่อนแมลงปอ', 96, 1, '2019-08-29 13:23:10', '0000-00-00 00:00:00'),
(6, 'กุ้ง/ปู', 95, 1, '2019-08-29 13:23:12', '0000-00-00 00:00:00'),
(7, 'หนอนแดง', 94, 1, '2019-08-29 13:23:14', '0000-00-00 00:00:00'),
(8, 'ใส้เดือน', 93, 1, '2019-08-29 13:23:17', '0000-00-00 00:00:00'),
(9, 'ไม่พบ', 92, 1, '2019-08-29 13:23:19', '0000-00-00 00:00:00');

-- --------------------------------------------------------

--
-- Table structure for table `checknow`
--

CREATE TABLE `checknow` (
  `id` int(11) NOT NULL,
  `animal_id` int(11) NOT NULL,
  `chck_see` int(11) NOT NULL,
  `user_id` int(11) NOT NULL,
  `create_at` timestamp NOT NULL DEFAULT current_timestamp() ON UPDATE current_timestamp(),
  `update_at` timestamp NOT NULL DEFAULT '0000-00-00 00:00:00'
) ENGINE=InnoDB DEFAULT CHARSET=utf8 COLLATE=utf8_unicode_ci;

--
-- Dumping data for table `checknow`
--

INSERT INTO `checknow` (`id`, `animal_id`, `chck_see`, `user_id`, `create_at`, `update_at`) VALUES
(3, 9, 1, 5, '2019-09-06 06:28:37', '2019-09-06 06:28:37'),
(4, 9, 0, 8, '2019-09-06 06:34:29', '2019-09-06 06:34:29'),
(5, 3, 0, 8, '2019-09-06 06:36:32', '2019-09-06 06:36:32'),
(6, 1, 0, 8, '2019-09-06 06:37:46', '2019-09-06 06:37:46'),
(7, 9, 0, 4, '2019-09-06 06:38:24', '2019-09-06 06:38:24'),
(8, 1, 2, 4, '2019-09-06 06:38:48', '2019-09-06 06:38:48'),
(9, 9, 0, 10, '2019-09-06 06:42:04', '2019-09-06 06:42:04'),
(10, 1, 3, 10, '2019-09-06 06:42:04', '2019-09-06 06:42:04'),
(11, 9, 0, 10, '2019-09-06 06:42:14', '2019-09-06 06:42:14'),
(12, 1, 3, 10, '2019-09-06 06:42:14', '2019-09-06 06:42:14'),
(13, 9, 0, 10, '2019-09-06 06:44:08', '2019-09-06 06:44:08'),
(14, 2, 3, 10, '2019-09-06 06:44:08', '2019-09-06 06:44:08'),
(15, 2, 1, 12, '2019-09-06 06:44:29', '2019-09-06 06:44:29'),
(16, 1, 0, 8, '2019-09-06 06:45:52', '2019-09-06 06:45:52'),
(17, 9, 0, 9, '2019-09-06 06:47:41', '2019-09-06 06:47:41'),
(18, 6, 5, 19, '2019-09-06 06:48:34', '2019-09-06 06:48:34'),
(19, 3, 0, 10, '2019-09-06 06:53:04', '2019-09-06 06:53:04'),
(20, 3, 6, 19, '2019-09-06 06:53:28', '2019-09-06 06:53:28'),
(21, 8, 2, 28, '2019-09-06 06:53:32', '2019-09-06 06:53:32'),
(22, 2, 0, 8, '2019-09-06 06:53:43', '2019-09-06 06:53:43'),
(23, 1, 2, 8, '2019-09-06 06:53:43', '2019-09-06 06:53:43'),
(24, 1, 0, 8, '2019-09-06 06:54:15', '2019-09-06 06:54:15'),
(25, 1, 5, 23, '2019-09-06 06:54:29', '2019-09-06 06:54:29'),
(26, 6, 2, 22, '2019-09-06 06:54:32', '2019-09-06 06:54:32'),
(27, 2, 2, 8, '2019-09-06 06:54:45', '2019-09-06 06:54:45'),
(28, 6, 2, 22, '2019-09-06 06:54:47', '2019-09-06 06:54:47'),
(29, 8, 5, 23, '2019-09-06 06:54:49', '2019-09-06 06:54:49'),
(30, 9, 0, 35, '2019-09-06 06:55:00', '2019-09-06 06:55:00'),
(31, 9, 4, 34, '2019-09-06 06:55:02', '2019-09-06 06:55:02'),
(32, 8, 1, 23, '2019-09-06 06:55:05', '2019-09-06 06:55:05'),
(33, 6, 2, 22, '2019-09-06 06:55:05', '2019-09-06 06:55:05'),
(34, 5, 5, 22, '2019-09-06 06:55:05', '2019-09-06 06:55:05'),
(35, 6, 0, 22, '2019-09-06 06:55:14', '2019-09-06 06:55:14'),
(36, 5, 5, 22, '2019-09-06 06:55:14', '2019-09-06 06:55:14'),
(37, 6, 5, 22, '2019-09-06 06:55:21', '2019-09-06 06:55:21'),
(38, 9, 0, 25, '2019-09-06 06:55:22', '2019-09-06 06:55:22'),
(39, 9, 0, 24, '2019-09-06 06:55:32', '2019-09-06 06:55:32'),
(40, 2, 3, 28, '2019-09-06 06:55:32', '2019-09-06 06:55:32'),
(41, 6, 2, 40, '2019-09-06 06:57:05', '2019-09-06 06:57:05'),
(42, 6, 3, 40, '2019-09-06 06:57:05', '2019-09-06 06:57:05'),
(43, 2, 2, 8, '2019-09-06 06:57:12', '2019-09-06 06:57:12'),
(44, 1, 5, 25, '2019-09-06 06:57:15', '2019-09-06 06:57:15'),
(45, 5, 2, 39, '2019-09-06 06:57:17', '2019-09-06 06:57:17'),
(46, 1, 2, 39, '2019-09-06 06:57:17', '2019-09-06 06:57:17'),
(47, 9, 0, 38, '2019-09-06 06:57:18', '2019-09-06 06:57:18'),
(48, 3, 2, 3, '2019-09-06 06:57:29', '2019-09-06 06:57:29'),
(49, 9, 0, 6, '2019-09-06 06:57:36', '2019-09-06 06:57:36'),
(50, 8, 6, 23, '2019-09-06 06:57:44', '2019-09-06 06:57:44'),
(51, 3, 3, 23, '2019-09-06 06:57:44', '2019-09-06 06:57:44'),
(52, 5, 3, 23, '2019-09-06 06:57:44', '2019-09-06 06:57:44'),
(53, 4, 0, 36, '2019-09-06 06:57:52', '2019-09-06 06:57:52'),
(54, 8, 2, 40, '2019-09-06 06:57:55', '2019-09-06 06:57:55'),
(55, 8, 4, 40, '2019-09-06 06:57:55', '2019-09-06 06:57:55'),
(56, 6, 0, 44, '2019-09-06 06:58:07', '2019-09-06 06:58:07'),
(57, 6, 10, 46, '2019-09-06 06:58:12', '2019-09-06 06:58:12'),
(58, 6, 5, 42, '2019-09-06 06:58:16', '2019-09-06 06:58:16'),
(59, 8, 5, 22, '2019-09-06 06:58:25', '2019-09-06 06:58:25'),
(60, 8, 0, 23, '2019-09-06 06:58:25', '2019-09-06 06:58:25'),
(61, 6, 10, 47, '2019-09-06 06:58:27', '2019-09-06 06:58:27'),
(62, 8, 2, 41, '2019-09-06 06:58:37', '2019-09-06 06:58:37'),
(63, 1, 2, 44, '2019-09-06 06:58:37', '2019-09-06 06:58:37'),
(64, 2, 6, 25, '2019-09-06 06:58:40', '2019-09-06 06:58:40'),
(65, 6, 1000, 35, '2019-09-06 06:58:40', '2019-09-06 06:58:40'),
(66, 6, 68, 49, '2019-09-06 06:58:42', '2019-09-06 06:58:42'),
(67, 6, 5, 7, '2019-09-06 06:58:42', '2019-09-06 06:58:42'),
(68, 5, 3, 7, '2019-09-06 06:58:42', '2019-09-06 06:58:42'),
(69, 8, 5, 22, '2019-09-06 06:58:43', '2019-09-06 06:58:43'),
(70, 6, 5, 45, '2019-09-06 06:58:46', '2019-09-06 06:58:46'),
(71, 8, 12, 42, '2019-09-06 06:58:48', '2019-09-06 06:58:48'),
(72, 6, 5, 24, '2019-09-06 06:58:50', '2019-09-06 06:58:50'),
(73, 7, 4, 28, '2019-09-06 06:58:51', '2019-09-06 06:58:51'),
(74, 6, 2, 28, '2019-09-06 06:58:51', '2019-09-06 06:58:51'),
(75, 5, 5, 19, '2019-09-06 06:58:54', '2019-09-06 06:58:55'),
(76, 6, 6, 19, '2019-09-06 06:58:55', '2019-09-06 06:58:55'),
(77, 7, 7, 19, '2019-09-06 06:58:55', '2019-09-06 06:58:55'),
(78, 2, 2, 6, '2019-09-06 06:58:56', '2019-09-06 06:58:56'),
(79, 5, 1, 6, '2019-09-06 06:58:56', '2019-09-06 06:58:56'),
(80, 8, 200, 44, '2019-09-06 06:58:59', '2019-09-06 06:58:59'),
(81, 5, 4, 51, '2019-09-06 06:59:00', '2019-09-06 06:59:00'),
(82, 9, 0, 41, '2019-09-06 06:59:01', '2019-09-06 06:59:01'),
(83, 3, 5, 52, '2019-09-06 06:59:05', '2019-09-06 06:59:05'),
(84, 6, 100, 47, '2019-09-06 06:59:07', '2019-09-06 06:59:07'),
(85, 5, 5, 14, '2019-09-06 06:59:09', '2019-09-06 06:59:09'),
(86, 6, 4, 14, '2019-09-06 06:59:09', '2019-09-06 06:59:09'),
(87, 4, 10, 34, '2019-09-06 06:59:11', '2019-09-06 06:59:11'),
(88, 5, 6, 34, '2019-09-06 06:59:11', '2019-09-06 06:59:11'),
(89, 2, 3, 34, '2019-09-06 06:59:11', '2019-09-06 06:59:11'),
(90, 5, 5, 15, '2019-09-06 06:59:11', '2019-09-06 06:59:11'),
(91, 6, 4, 15, '2019-09-06 06:59:11', '2019-09-06 06:59:11'),
(92, 4, 6, 17, '2019-09-06 06:59:12', '2019-09-06 06:59:12'),
(93, 9, 0, 51, '2019-09-06 06:59:14', '2019-09-06 06:59:14'),
(94, 8, 3, 40, '2019-09-06 06:59:17', '2019-09-06 06:59:17'),
(95, 7, 4, 40, '2019-09-06 06:59:17', '2019-09-06 06:59:17'),
(96, 6, 10, 47, '2019-09-06 06:59:17', '2019-09-06 06:59:17'),
(97, 6, 2, 53, '2019-09-06 06:59:20', '2019-09-06 06:59:20'),
(98, 6, 20, 8, '2019-09-06 06:59:28', '2019-09-06 06:59:28'),
(99, 4, 9, 8, '2019-09-06 06:59:28', '2019-09-06 06:59:28'),
(100, 6, 50, 42, '2019-09-06 06:59:29', '2019-09-06 06:59:29'),
(101, 5, 10, 42, '2019-09-06 06:59:29', '2019-09-06 06:59:29'),
(102, 2, 10000, 47, '2019-09-06 06:59:32', '2019-09-06 06:59:32'),
(103, 9, 0, 23, '2019-09-06 06:59:36', '2019-09-06 06:59:36'),
(104, 2, 3, 44, '2019-09-06 06:59:37', '2019-09-06 06:59:37'),
(105, 6, 2, 53, '2019-09-06 06:59:45', '2019-09-06 06:59:45'),
(106, 8, 3, 25, '2019-09-06 06:59:47', '2019-09-06 06:59:47'),
(107, 2, 4, 38, '2019-09-06 06:59:49', '2019-09-06 06:59:49'),
(108, 8, 5, 9, '2019-09-06 06:59:51', '2019-09-06 06:59:51'),
(109, 5, 6, 55, '2019-09-06 06:59:54', '2019-09-06 06:59:54'),
(110, 8, 500, 23, '2019-09-06 06:59:57', '2019-09-06 06:59:57'),
(111, 7, 2, 54, '2019-09-06 06:59:57', '2019-09-06 06:59:57'),
(112, 6, 3, 54, '2019-09-06 06:59:57', '2019-09-06 06:59:57'),
(113, 1, 5, 51, '2019-09-06 06:59:59', '2019-09-06 06:59:59'),
(114, 2, 3, 51, '2019-09-06 06:59:59', '2019-09-06 06:59:59'),
(115, 8, 5, 52, '2019-09-06 06:59:59', '2019-09-06 06:59:59'),
(116, 2, 9, 44, '2019-09-06 07:00:00', '2019-09-06 07:00:00'),
(117, 6, 3, 25, '2019-09-06 07:00:04', '2019-09-06 07:00:04'),
(118, 8, 1, 32, '2019-09-06 07:00:04', '2019-09-06 07:00:04'),
(119, 7, 23, 47, '2019-09-06 07:00:06', '2019-09-06 07:00:06'),
(120, 7, 10, 55, '2019-09-06 07:00:09', '2019-09-06 07:00:09'),
(121, 8, 500, 23, '2019-09-06 07:00:15', '2019-09-06 07:00:15'),
(122, 6, 5, 30, '2019-09-06 07:00:16', '2019-09-06 07:00:16'),
(123, 5, 2, 30, '2019-09-06 07:00:16', '2019-09-06 07:00:16'),
(124, 6, 2, 53, '2019-09-06 07:00:20', '2019-09-06 07:00:20'),
(125, 7, 5, 53, '2019-09-06 07:00:20', '2019-09-06 07:00:20'),
(126, 1, 4, 49, '2019-09-06 07:00:23', '2019-09-06 07:00:23'),
(127, 5, 5, 49, '2019-09-06 07:00:23', '2019-09-06 07:00:23'),
(128, 8, 5, 9, '2019-09-06 07:00:24', '2019-09-06 07:00:24'),
(129, 7, 3, 9, '2019-09-06 07:00:24', '2019-09-06 07:00:24'),
(130, 2, 5, 55, '2019-09-06 07:00:29', '2019-09-06 07:00:29'),
(131, 8, 5, 22, '2019-09-06 07:00:29', '2019-09-06 07:00:29'),
(132, 9, 0, 56, '2019-09-06 07:00:29', '2019-09-06 07:00:29'),
(133, 6, 5, 7, '2019-09-06 07:00:33', '2019-09-06 07:00:33'),
(134, 5, 3, 7, '2019-09-06 07:00:33', '2019-09-06 07:00:33'),
(135, 8, 2, 7, '2019-09-06 07:00:33', '2019-09-06 07:00:33'),
(136, 8, 200000, 47, '2019-09-06 07:00:36', '2019-09-06 07:00:36'),
(137, 8, 1, 15, '2019-09-06 07:00:36', '2019-09-06 07:00:36'),
(138, 6, 4, 15, '2019-09-06 07:00:36', '2019-09-06 07:00:36'),
(139, 5, 10, 15, '2019-09-06 07:00:36', '2019-09-06 07:00:36'),
(140, 4, 22, 15, '2019-09-06 07:00:36', '2019-09-06 07:00:36'),
(141, 8, 1000, 22, '2019-09-06 07:00:40', '2019-09-06 07:00:40'),
(142, 3, 9, 55, '2019-09-06 07:00:43', '2019-09-06 07:00:43'),
(143, 8, 1, 47, '2019-09-06 07:00:47', '2019-09-06 07:00:47'),
(144, 8, 5, 52, '2019-09-06 07:00:52', '2019-09-06 07:00:52'),
(145, 6, 6, 52, '2019-09-06 07:00:52', '2019-09-06 07:00:52'),
(146, 8, 2, 23, '2019-09-06 07:00:53', '2019-09-06 07:00:53'),
(147, 1, 9, 55, '2019-09-06 07:00:56', '2019-09-06 07:00:56'),
(148, 9, 0, 40, '2019-09-06 07:00:56', '2019-09-06 07:00:56'),
(149, 8, 5, 40, '2019-09-06 07:00:56', '2019-09-06 07:00:56'),
(150, 8, 0, 22, '2019-09-06 07:00:57', '2019-09-06 07:00:57'),
(151, 6, 2, 54, '2019-09-06 07:01:00', '2019-09-06 07:01:00'),
(152, 9, 1, 15, '2019-09-06 07:01:00', '2019-09-06 07:01:00'),
(153, 1, 4, 49, '2019-09-06 07:01:01', '2019-09-06 07:01:01'),
(154, 8, 100, 49, '2019-09-06 07:01:01', '2019-09-06 07:01:01'),
(155, 1, 5, 51, '2019-09-06 07:01:04', '2019-09-06 07:01:04'),
(156, 5, 3, 10, '2019-09-06 07:01:05', '2019-09-06 07:01:05'),
(157, 9, 0, 49, '2019-09-06 07:01:12', '2019-09-06 07:01:12'),
(158, 8, 5, 52, '2019-09-06 07:01:12', '2019-09-06 07:01:12'),
(159, 1, 7, 52, '2019-09-06 07:01:12', '2019-09-06 07:01:12'),
(160, 6, 6, 52, '2019-09-06 07:01:12', '2019-09-06 07:01:12'),
(161, 8, 5, 52, '2019-09-06 07:01:12', '2019-09-06 07:01:12'),
(162, 1, 7, 52, '2019-09-06 07:01:12', '2019-09-06 07:01:12'),
(163, 6, 6, 52, '2019-09-06 07:01:12', '2019-09-06 07:01:12'),
(164, 3, 9, 44, '2019-09-06 07:01:15', '2019-09-06 07:01:15'),
(165, 9, 0, 15, '2019-09-06 07:01:16', '2019-09-06 07:01:16'),
(166, 8, 11, 34, '2019-09-06 07:01:19', '2019-09-06 07:01:19'),
(167, 6, 20, 34, '2019-09-06 07:01:19', '2019-09-06 07:01:19'),
(168, 7, 1, 34, '2019-09-06 07:01:19', '2019-09-06 07:01:19'),
(169, 6, 75, 23, '2019-09-06 07:01:21', '2019-09-06 07:01:21'),
(170, 7, 20, 8, '2019-09-06 07:01:22', '2019-09-06 07:01:22'),
(171, 7, 10, 30, '2019-09-06 07:01:23', '2019-09-06 07:01:23'),
(172, 8, 5, 30, '2019-09-06 07:01:23', '2019-09-06 07:01:23'),
(173, 5, 3, 55, '2019-09-06 07:01:25', '2019-09-06 07:01:25'),
(174, 5, 3, 47, '2019-09-06 07:01:26', '2019-09-06 07:01:26'),
(175, 8, 1, 54, '2019-09-06 07:01:29', '2019-09-06 07:01:29'),
(176, 5, 6, 47, '2019-09-06 07:01:36', '2019-09-06 07:01:36'),
(177, 4, 9, 49, '2019-09-06 07:01:36', '2019-09-06 07:01:36'),
(178, 1, 6, 49, '2019-09-06 07:01:36', '2019-09-06 07:01:36'),
(179, 9, 0, 3, '2019-09-06 07:01:45', '2019-09-06 07:01:45'),
(180, 8, 5, 23, '2019-09-06 07:01:52', '2019-09-06 07:01:52'),
(181, 8, 1, 57, '2019-09-06 07:01:53', '2019-09-06 07:01:53'),
(182, 3, 0, 44, '2019-09-06 07:01:54', '2019-09-06 07:01:54'),
(183, 6, 0, 47, '2019-09-06 07:01:56', '2019-09-06 07:01:56'),
(184, 3, 50000, 49, '2019-09-06 07:01:58', '2019-09-06 07:01:58'),
(185, 8, 1, 23, '2019-09-06 07:01:59', '2019-09-06 07:01:59'),
(186, 9, 0, 38, '2019-09-06 07:02:08', '2019-09-06 07:02:08'),
(187, 3, 1, 22, '2019-09-06 07:02:08', '2019-09-06 07:02:08'),
(188, 1, 1, 23, '2019-09-06 07:02:10', '2019-09-06 07:02:10'),
(189, 1, 5, 54, '2019-09-06 07:02:10', '2019-09-06 07:02:10'),
(190, 8, 0, 54, '2019-09-06 07:02:10', '2019-09-06 07:02:10'),
(191, 1, 2, 53, '2019-09-06 07:02:10', '2019-09-06 07:02:10'),
(192, 7, 1, 23, '2019-09-06 07:02:16', '2019-09-06 07:02:16'),
(193, 7, 1, 23, '2019-09-06 07:02:20', '2019-09-06 07:02:20'),
(194, 8, 3, 47, '2019-09-06 07:02:25', '2019-09-06 07:02:25'),
(195, 8, 1000, 23, '2019-09-06 07:02:31', '2019-09-06 07:02:31'),
(196, 6, 5, 7, '2019-09-06 07:02:36', '2019-09-06 07:02:36'),
(197, 5, 3, 7, '2019-09-06 07:02:36', '2019-09-06 07:02:36'),
(198, 8, 2, 7, '2019-09-06 07:02:36', '2019-09-06 07:02:36'),
(199, 8, 1000000, 23, '2019-09-06 07:02:37', '2019-09-06 07:02:37'),
(200, 7, 20, 8, '2019-09-06 07:02:38', '2019-09-06 07:02:38'),
(201, 8, 3, 8, '2019-09-06 07:02:38', '2019-09-06 07:02:38'),
(202, 1, 2, 53, '2019-09-06 07:02:39', '2019-09-06 07:02:39'),
(203, 6, 3, 53, '2019-09-06 07:02:39', '2019-09-06 07:02:39'),
(204, 2, 2, 53, '2019-09-06 07:02:53', '2019-09-06 07:02:53'),
(205, 5, 3, 54, '2019-09-06 07:02:57', '2019-09-06 07:02:57'),
(206, 2, 2, 53, '2019-09-06 07:03:06', '2019-09-06 07:03:06'),
(207, 8, 38, 55, '2019-09-06 07:03:23', '2019-09-06 07:03:23'),
(208, 2, 2, 53, '2019-09-06 07:03:31', '2019-09-06 07:03:31'),
(209, 6, 0, 53, '2019-09-06 07:03:31', '2019-09-06 07:03:31'),
(210, 6, 3, 34, '2019-09-06 07:04:10', '2019-09-06 07:04:10'),
(211, 8, 3, 34, '2019-09-06 07:04:10', '2019-09-06 07:04:10'),
(212, 5, 3, 34, '2019-09-06 07:04:10', '2019-09-06 07:04:10'),
(213, 2, 2, 53, '2019-09-06 07:04:25', '2019-09-06 07:04:25'),
(214, 8, 5, 53, '2019-09-06 07:04:25', '2019-09-06 07:04:25'),
(215, 7, 3, 53, '2019-09-06 07:04:25', '2019-09-06 07:04:25'),
(216, 6, 3, 53, '2019-09-06 07:04:25', '2019-09-06 07:04:25'),
(217, 6, 10, 8, '2019-09-06 07:04:45', '2019-09-06 07:04:45'),
(218, 5, 5, 8, '2019-09-06 07:04:45', '2019-09-06 07:04:45'),
(219, 5, 5, 39, '2019-09-06 07:05:02', '2019-09-06 07:05:02'),
(220, 9, 0, 39, '2019-09-06 07:05:02', '2019-09-06 07:05:02'),
(221, 8, 5, 39, '2019-09-06 07:05:02', '2019-09-06 07:05:02'),
(222, 6, 5, 39, '2019-09-06 07:05:02', '2019-09-06 07:05:02'),
(223, 7, 5, 39, '2019-09-06 07:05:02', '2019-09-06 07:05:02'),
(224, 6, 3, 34, '2019-09-06 07:05:18', '2019-09-06 07:05:18'),
(225, 6, 2, 31, '2019-09-06 07:05:57', '2019-09-06 07:05:57'),
(226, 3, 1, 31, '2019-09-06 07:05:57', '2019-09-06 07:05:57'),
(227, 8, 3, 31, '2019-09-06 07:05:57', '2019-09-06 07:05:57'),
(228, 9, 0, 19, '2019-09-06 07:06:10', '2019-09-06 07:06:10'),
(229, 6, 3, 19, '2019-09-06 07:06:10', '2019-09-06 07:06:10'),
(230, 5, 5, 34, '2019-09-06 07:06:17', '2019-09-06 07:06:17'),
(231, 9, 0, 12, '2019-09-06 07:06:55', '2019-09-06 07:06:55'),
(232, 2, 3, 28, '2019-09-06 07:06:57', '2019-09-06 07:06:57'),
(233, 7, 5, 19, '2019-09-06 07:07:19', '2019-09-06 07:07:19'),
(234, 2, 5, 28, '2019-09-06 07:07:23', '2019-09-06 07:07:23'),
(235, 4, 5, 34, '2019-09-06 07:07:30', '2019-09-06 07:07:30'),
(236, 6, 100, 19, '2019-09-06 07:07:42', '2019-09-06 07:07:42'),
(237, 5, 7, 28, '2019-09-06 07:07:57', '2019-09-06 07:07:57'),
(238, 3, 2, 60, '2019-09-06 07:13:46', '2019-09-06 07:13:46'),
(239, 8, 3, 49, '2019-09-06 08:57:36', '2019-09-06 08:57:36');

--
-- Indexes for dumped tables
--

--
-- Indexes for table `account`
--
ALTER TABLE `account`
  ADD PRIMARY KEY (`id`);

--
-- Indexes for table `animal`
--
ALTER TABLE `animal`
  ADD PRIMARY KEY (`id`);

--
-- Indexes for table `checknow`
--
ALTER TABLE `checknow`
  ADD PRIMARY KEY (`id`);

--
-- AUTO_INCREMENT for dumped tables
--

--
-- AUTO_INCREMENT for table `account`
--
ALTER TABLE `account`
  MODIFY `id` int(11) NOT NULL AUTO_INCREMENT, AUTO_INCREMENT=62;

--
-- AUTO_INCREMENT for table `animal`
--
ALTER TABLE `animal`
  MODIFY `id` int(11) NOT NULL AUTO_INCREMENT, AUTO_INCREMENT=10;

--
-- AUTO_INCREMENT for table `checknow`
--
ALTER TABLE `checknow`
  MODIFY `id` int(11) NOT NULL AUTO_INCREMENT, AUTO_INCREMENT=240;
COMMIT;

/*!40101 SET CHARACTER_SET_CLIENT=@OLD_CHARACTER_SET_CLIENT */;
/*!40101 SET CHARACTER_SET_RESULTS=@OLD_CHARACTER_SET_RESULTS */;
/*!40101 SET COLLATION_CONNECTION=@OLD_COLLATION_CONNECTION */;
